"Query","Date","From","FromName","To","Cc","Subject","HasAttachments","AttachmentCount","AttachmentNames","File"
"from:vintagedesigninc.com","6/29/2023 5:38:45 PM","postmaster@vintagedesigninc.com","postmaster@vintagedesigninc.com","ericagarcia@vintagedesigninc.com","","Delivered: VTD : Invoice 4649 for your review","False","0","","2023-06-29_1738_billing_Delivered_ VTD _ Invoice 4649 for your review.eml"
"from:vintagedesigninc.com","7/1/2023 5:11:45 PM","postmaster@vintagedesigninc.com","postmaster@vintagedesigninc.com","ericagarcia@vintagedesigninc.com","","Delivered: VTD : Weekly Invoice 4689 for your review","False","0","","2023-07-01_1711_billing_Delivered_ VTD _ Weekly Invoice 4689 for your review.eml"
"from:vintagedesigninc.com","7/5/2023 4:57:44 PM","postmaster@vintagedesigninc.com","postmaster@vintagedesigninc.com","ericagarcia@vintagedesigninc.com","","Delivered: VTD : Monthly Invoice 4723 for your review","False","0","","2023-07-05_1657_billing_Delivered_ VTD _ Monthly Invoice 4723 for your review.eml"
"from:vintagedesigninc.com","7/8/2023 5:11:22 PM","postmaster@vintagedesigninc.com","postmaster@vintagedesigninc.com","ericagarcia@vintagedesigninc.com","","Delivered: VTD : Weekly Invoice 4788 for your review","False","0","","2023-07-08_1711_billing_Delivered_ VTD _ Weekly Invoice 4788 for your review.eml"
"from:vintagedesigninc.com","7/11/2023 7:30:45 PM","postmaster@vintagedesigninc.com","postmaster@vintagedesigninc.com","ericagarcia@vintagedesigninc.com","","Delivered: VTD : Invoice 4798 for your review","False","0","","2023-07-11_1930_billing_Delivered_ VTD _ Invoice 4798 for your review.eml"
"from:vintagedesigninc.com","7/17/2023 4:05:40 PM","postmaster@vintagedesigninc.com","postmaster@vintagedesigninc.com","ericagarcia@vintagedesigninc.com","","Delivered: VTD : Weekly Invoice 4832 for your review","False","0","","2023-07-17_1605_billing_Delivered_ VTD _ Weekly Invoice 4832 for your review.eml"
"from:vintagedesigninc.com","7/17/2023 10:08:42 PM","postmaster@vintagedesigninc.com","postmaster@vintagedesigninc.com","ericagarcia@vintagedesigninc.com","","Delivered: VTD : Invoice 4838 for your review","False","0","","2023-07-17_2208_billing_Delivered_ VTD _ Invoice 4838 for your review.eml"
"from:vintagedesigninc.com","7/22/2023 5:11:59 PM","postmaster@vintagedesigninc.com","postmaster@vintagedesigninc.com","ericagarcia@vintagedesigninc.com","","Delivered: VTD : Weekly Invoice 4871 for your review","False","0","","2023-07-22_1711_billing_Delivered_ VTD _ Weekly Invoice 4871 for your review.eml"
"from:vintagedesigninc.com","7/31/2023 5:25:47 PM","postmaster@vintagedesigninc.com","postmaster@vintagedesigninc.com","ericagarcia@vintagedesigninc.com","","Delivered: VTD : Weekly Invoice 4911 for your review","False","0","","2023-07-31_1725_billing_Delivered_ VTD _ Weekly Invoice 4911 for your review.eml"
"from:vintagedesigninc.com","8/1/2023 7:35:44 PM","postmaster@vintagedesigninc.com","postmaster@vintagedesigninc.com","ericagarcia@vintagedesigninc.com","","Delivered: VTD : Monthly Invoice 4971 for your review","False","0","","2023-08-01_1935_billing_Delivered_ VTD _ Monthly Invoice 4971 for your review.eml"
"from:vintagedesigninc.com","8/7/2023 4:04:24 PM","postmaster@vintagedesigninc.com","postmaster@vintagedesigninc.com","ericagarcia@vintagedesigninc.com","","Delivered: VTD : Weekly Invoice 5020 for your review","False","0","","2023-08-07_1604_billing_Delivered_ VTD _ Weekly Invoice 5020 for your review.eml"
"from:vintagedesigninc.com","8/14/2023 3:33:38 PM","postmaster@vintagedesigninc.com","postmaster@vintagedesigninc.com","ericagarcia@vintagedesigninc.com","","Delivered: Invoice 5054 Voided","False","0","","2023-08-14_1533_billing_Delivered_ Invoice 5054 Voided.eml"
"from:vintagedesigninc.com","8/19/2023 5:12:53 PM","postmaster@vintagedesigninc.com","postmaster@vintagedesigninc.com","ericagarcia@vintagedesigninc.com","","Delivered: VTD : Weekly Invoice 5104 for your review","False","0","","2023-08-19_1712_billing_Delivered_ VTD _ Weekly Invoice 5104 for your review.eml"
"from:vintagedesigninc.com","9/1/2023 9:15:45 PM","postmaster@vintagedesigninc.com","postmaster@vintagedesigninc.com","ericagarcia@vintagedesigninc.com","","Delivered: VTD : Monthly Invoice 5192 for your review","False","0","","2023-09-01_2115_billing_Delivered_ VTD _ Monthly Invoice 5192 for your review.eml"
"from:vintagedesigninc.com","9/5/2023 4:17:27 PM","postmaster@vintagedesigninc.com","postmaster@vintagedesigninc.com","ericagarcia@vintagedesigninc.com","","Delivered: VTD : Weekly Invoice 5260 for your review","False","0","","2023-09-05_1617_billing_Delivered_ VTD _ Weekly Invoice 5260 for your review.eml"
"from:vintagedesigninc.com","9/8/2023 9:39:53 PM","postmaster@vintagedesigninc.com","postmaster@vintagedesigninc.com","ericagarcia@vintagedesigninc.com","","Delivered: VTD : Invoice 5270 for your review","False","0","","2023-09-08_2139_billing_Delivered_ VTD _ Invoice 5270 for your review.eml"
"from:vintagedesigninc.com","9/11/2023 5:08:12 PM","postmaster@vintagedesigninc.com","postmaster@vintagedesigninc.com","ericagarcia@vintagedesigninc.com","","Delivered: VTD : Weekly Invoice 5301 for your review","False","0","","2023-09-11_1708_billing_Delivered_ VTD _ Weekly Invoice 5301 for your review.eml"
"from:vintagedesigninc.com","10/2/2023 3:35:01 PM","postmaster@vintagedesigninc.com","postmaster@vintagedesigninc.com","ericagarcia@vintagedesigninc.com","","Delivered: VTD : Weekly Invoice 5424 for your review","False","0","","2023-10-02_1535_billing_Delivered_ VTD _ Weekly Invoice 5424 for your review.eml"
"from:vintagedesigninc.com","10/2/2023 9:12:42 PM","postmaster@vintagedesigninc.com","postmaster@vintagedesigninc.com","ericagarcia@vintagedesigninc.com","","Delivered: VTD : Monthly Invoice 5492 for your review","False","0","","2023-10-02_2112_billing_Delivered_ VTD _ Monthly Invoice 5492 for your review.eml"
"from:vintagedesigninc.com","10/9/2023 3:38:54 PM","postmaster@vintagedesigninc.com","postmaster@vintagedesigninc.com","ericagarcia@vintagedesigninc.com","","Delivered: VTD : Weekly Invoice 5522 for your review","False","0","","2023-10-09_1538_billing_Delivered_ VTD _ Weekly Invoice 5522 for your review.eml"
"from:vintagedesigninc.com","10/16/2023 5:48:56 PM","postmaster@vintagedesigninc.com","postmaster@vintagedesigninc.com","ericagarcia@vintagedesigninc.com","","Delivered: VTD : Weekly Invoice 5568 for your review","False","0","","2023-10-16_1748_billing_Delivered_ VTD _ Weekly Invoice 5568 for your review.eml"
"from:vintagedesigninc.com","10/18/2023 5:28:40 PM","postmaster@vintagedesigninc.com","postmaster@vintagedesigninc.com","ericagarcia@vintagedesigninc.com","","Delivered: VTD : Invoice 5577 for your review","False","0","","2023-10-18_1728_billing_Delivered_ VTD _ Invoice 5577 for your review.eml"
"from:vintagedesigninc.com","10/21/2023 5:13:06 PM","ericagarcia@vintagedesigninc.com","Erica Garcia","billing@technijian.com","","Automatic reply: VTD : Weekly Invoice 5615 for your review","False","0","","2023-10-21_1713_billing_Automatic reply_ VTD _ Weekly Invoice 5615 for your review.eml"
"from:vintagedesigninc.com","10/21/2023 5:13:10 PM","postmaster@vintagedesigninc.com","postmaster@vintagedesigninc.com","ericagarcia@vintagedesigninc.com","","Delivered: VTD : Weekly Invoice 5615 for your review","False","0","","2023-10-21_1713_billing_Delivered_ VTD _ Weekly Invoice 5615 for your review.eml"
"from:vintagedesigninc.com","10/28/2023 5:12:50 PM","postmaster@vintagedesigninc.com","postmaster@vintagedesigninc.com","ericagarcia@vintagedesigninc.com","","Delivered: VTD : Weekly Invoice 5670 for your review","False","0","","2023-10-28_1712_billing_Delivered_ VTD _ Weekly Invoice 5670 for your review.eml"
"from:vintagedesigninc.com","11/2/2023 6:30:54 PM","postmaster@vintagedesigninc.com","postmaster@vintagedesigninc.com","ericagarcia@vintagedesigninc.com","","Delivered: VTD : Monthly Invoice 5736 for your review","False","0","","2023-11-02_1830_billing_Delivered_ VTD _ Monthly Invoice 5736 for your review.eml"
"from:vintagedesigninc.com","11/4/2023 5:13:51 PM","postmaster@vintagedesigninc.com","postmaster@vintagedesigninc.com","ericagarcia@vintagedesigninc.com","","Delivered: VTD : Weekly Invoice 5780 for your review","False","0","","2023-11-04_1713_billing_Delivered_ VTD _ Weekly Invoice 5780 for your review.eml"
"from:vintagedesigninc.com","11/10/2023 6:18:45 PM","postmaster@vintagedesigninc.com","postmaster@vintagedesigninc.com","ericagarcia@vintagedesigninc.com","","Delivered: VTD : Invoice 5796 for your review","False","0","","2023-11-10_1818_billing_Delivered_ VTD _ Invoice 5796 for your review.eml"
"from:vintagedesigninc.com","11/11/2023 6:13:55 PM","postmaster@vintagedesigninc.com","postmaster@vintagedesigninc.com","ericagarcia@vintagedesigninc.com","","Delivered: VTD : Weekly Invoice 5827 for your review","False","0","","2023-11-11_1813_billing_Delivered_ VTD _ Weekly Invoice 5827 for your review.eml"
"from:vintagedesigninc.com","11/20/2023 9:23:54 PM","ericagarcia@vintagedesigninc.com","Erica Garcia","billing@technijian.com","","Automatic reply: VTD : Weekly Invoice 5864 for your review","False","0","","2023-11-20_2123_billing_Automatic reply_ VTD _ Weekly Invoice 5864 for your review.eml"
"from:vintagedesigninc.com","11/20/2023 9:23:58 PM","postmaster@vintagedesigninc.com","postmaster@vintagedesigninc.com","ericagarcia@vintagedesigninc.com","","Delivered: VTD : Weekly Invoice 5864 for your review","False","0","","2023-11-20_2123_billing_Delivered_ VTD _ Weekly Invoice 5864 for your review.eml"
"from:vintagedesigninc.com","11/25/2023 6:13:00 PM","postmaster@vintagedesigninc.com","postmaster@vintagedesigninc.com","ericagarcia@vintagedesigninc.com","","Delivered: VTD : Weekly Invoice 5904 for your review","False","0","","2023-11-25_1813_billing_Delivered_ VTD _ Weekly Invoice 5904 for your review.eml"
"from:vintagedesigninc.com","12/1/2023 9:04:54 PM","postmaster@vintagedesigninc.com","postmaster@vintagedesigninc.com","ericagarcia@vintagedesigninc.com","","Delivered: VTD : Monthly Invoice 5979 for your review","False","0","","2023-12-01_2104_billing_Delivered_ VTD _ Monthly Invoice 5979 for your review.eml"
"from:vintagedesigninc.com","12/2/2023 6:14:36 PM","postmaster@vintagedesigninc.com","postmaster@vintagedesigninc.com","ericagarcia@vintagedesigninc.com","","Delivered: VTD : Weekly Invoice 6012 for your review","False","0","","2023-12-02_1814_billing_Delivered_ VTD _ Weekly Invoice 6012 for your review.eml"
"from:vintagedesigninc.com","12/13/2023 11:39:23 PM","postmaster@vintagedesigninc.com","postmaster@vintagedesigninc.com","ericagarcia@vintagedesigninc.com","","Delivered: VTD : Weekly Invoice 8020 for your review","False","0","","2023-12-13_2339_billing_Delivered_ VTD _ Weekly Invoice 8020 for your review.eml"
"from:vintagedesigninc.com","12/18/2023 5:52:32 PM","postmaster@vintagedesigninc.com","postmaster@vintagedesigninc.com","ericagarcia@vintagedesigninc.com","","Delivered: VTD : Weekly Invoice 8225 for your review","False","0","","2023-12-18_1752_billing_Delivered_ VTD _ Weekly Invoice 8225 for your review.eml"
"from:vintagedesigninc.com","12/26/2023 4:52:32 PM","ericagarcia@vintagedesigninc.com","Erica Garcia","billing@technijian.com","","Automatic reply: VTD : Weekly Invoice 8270 for your review","False","0","","2023-12-26_1652_billing_Automatic reply_ VTD _ Weekly Invoice 8270 for your review.eml"
"from:vintagedesigninc.com","12/26/2023 4:52:40 PM","postmaster@vintagedesigninc.com","postmaster@vintagedesigninc.com","ericagarcia@vintagedesigninc.com","","Delivered: VTD : Weekly Invoice 8270 for your review","False","0","","2023-12-26_1652_billing_Delivered_ VTD _ Weekly Invoice 8270 for your review.eml"
"from:vintagedesigninc.com","1/2/2024 5:46:49 PM","postmaster@vintagedesigninc.com","postmaster@vintagedesigninc.com","ericagarcia@vintagedesigninc.com","","Delivered: VTD : Weekly Invoice 8315 for your review","False","0","","2024-01-02_1746_billing_Delivered_ VTD _ Weekly Invoice 8315 for your review.eml"
"from:vintagedesigninc.com","1/3/2024 12:17:43 AM","postmaster@vintagedesigninc.com","postmaster@vintagedesigninc.com","ericagarcia@vintagedesigninc.com","","Delivered: VTD : Monthly Invoice 8405 for your review","False","0","","2024-01-03_0017_billing_Delivered_ VTD _ Monthly Invoice 8405 for your review.eml"
"from:vintagedesigninc.com","1/7/2024 1:37:22 AM","postmaster@vintagedesigninc.com","postmaster@vintagedesigninc.com","ericagarcia@vintagedesigninc.com","","Delivered: VTD : Weekly Invoice 8465 for your review","False","0","","2024-01-07_0137_billing_Delivered_ VTD _ Weekly Invoice 8465 for your review.eml"
"from:vintagedesigninc.com","1/13/2024 6:19:28 PM","postmaster@vintagedesigninc.com","postmaster@vintagedesigninc.com","ericagarcia@vintagedesigninc.com","","Delivered: VTD : Weekly Invoice 8526 for your review","False","0","","2024-01-13_1819_billing_Delivered_ VTD _ Weekly Invoice 8526 for your review.eml"
"from:vintagedesigninc.com","1/20/2024 6:16:31 PM","postmaster@vintagedesigninc.com","postmaster@vintagedesigninc.com","ericagarcia@vintagedesigninc.com","","Delivered: VTD : Weekly Invoice 8583 for your review","False","0","","2024-01-20_1816_billing_Delivered_ VTD _ Weekly Invoice 8583 for your review.eml"
"from:vintagedesigninc.com","1/30/2024 1:41:40 PM","postmaster@vintagedesigninc.com","postmaster@vintagedesigninc.com","ericagarcia@vintagedesigninc.com","","Delivered: Vintage Design : Invoices from Dec to Jan","False","0","","2024-01-30_1341_billing_Delivered_ Vintage Design _ Invoices from Dec to Jan.eml"
"from:vintagedesigninc.com","2/2/2024 7:35:24 PM","postmaster@vintagedesigninc.com","postmaster@vintagedesigninc.com","ericagarcia@vintagedesigninc.com","","Delivered: VTD : Monthly Invoice 8698 for your review","False","0","","2024-02-02_1935_billing_Delivered_ VTD _ Monthly Invoice 8698 for your review.eml"
"from:vintagedesigninc.com","2/3/2024 6:14:21 PM","postmaster@vintagedesigninc.com","postmaster@vintagedesigninc.com","ericagarcia@vintagedesigninc.com","","Delivered: VTD : Weekly Invoice 8763 for your review","False","0","","2024-02-03_1814_billing_Delivered_ VTD _ Weekly Invoice 8763 for your review.eml"
"from:vintagedesigninc.com","2/10/2024 6:13:30 PM","postmaster@vintagedesigninc.com","postmaster@vintagedesigninc.com","ericagarcia@vintagedesigninc.com","","Delivered: VTD : Weekly Invoice 8820 for your review","False","0","","2024-02-10_1813_billing_Delivered_ VTD _ Weekly Invoice 8820 for your review.eml"
"from:vintagedesigninc.com","2/17/2024 6:15:02 PM","postmaster@vintagedesigninc.com","postmaster@vintagedesigninc.com","ericagarcia@vintagedesigninc.com","","Delivered: VTD : Weekly Invoice 8885 for your review","False","0","","2024-02-17_1815_billing_Delivered_ VTD _ Weekly Invoice 8885 for your review.eml"
"from:vintagedesigninc.com","2/24/2024 6:16:04 PM","ericagarcia@vintagedesigninc.com","Erica Garcia","billing@technijian.com","","Automatic reply: VTD : Weekly Invoice 8947 for your review","False","0","","2024-02-24_1816_billing_Automatic reply_ VTD _ Weekly Invoice 8947 for your review.eml"
"from:vintagedesigninc.com","2/24/2024 6:16:06 PM","postmaster@vintagedesigninc.com","postmaster@vintagedesigninc.com","ericagarcia@vintagedesigninc.com","","Delivered: VTD : Weekly Invoice 8947 for your review","False","0","","2024-02-24_1816_billing_Delivered_ VTD _ Weekly Invoice 8947 for your review.eml"
"from:vintagedesigninc.com","2/24/2024 6:16:20 PM","postmaster@vintagedesigninc.com","postmaster@vintagedesigninc.com","ericagarcia@vintagedesigninc.com","","Delivered: VTD : Weekly Invoice 8947 for your review","False","0","","2024-02-24_1816_billing_Delivered_ VTD _ Weekly Invoice 8947 for your review.eml"
"from:vintagedesigninc.com","3/4/2024 6:22:12 PM","postmaster@vintagedesigninc.com","postmaster@vintagedesigninc.com","ericagarcia@vintagedesigninc.com","","Delivered: VTD : Weekly Invoice 9017 for your review","False","0","","2024-03-04_1822_billing_Delivered_ VTD _ Weekly Invoice 9017 for your review.eml"
"from:vintagedesigninc.com","3/4/2024 10:22:20 PM","postmaster@vintagedesigninc.com","postmaster@vintagedesigninc.com","ericagarcia@vintagedesigninc.com","","Delivered: VTD : Monthly Invoice 9073 for your review","False","0","","2024-03-04_2222_billing_Delivered_ VTD _ Monthly Invoice 9073 for your review.eml"
"from:vintagedesigninc.com","3/4/2024 10:22:37 PM","postmaster@vintagedesigninc.com","postmaster@vintagedesigninc.com","ericagarcia@vintagedesigninc.com","","Delivered: VTD : Monthly Invoice 9073 for your review","False","0","","2024-03-04_2222_billing_Delivered_ VTD _ Monthly Invoice 9073 for your review.eml"
"from:vintagedesigninc.com","3/9/2024 6:37:40 PM","postmaster@vintagedesigninc.com","postmaster@vintagedesigninc.com","ericagarcia@vintagedesigninc.com","","Delivered: VTD : Weekly Invoice 9176 for your review","False","0","","2024-03-09_1837_billing_Delivered_ VTD _ Weekly Invoice 9176 for your review.eml"
"from:vintagedesigninc.com","3/16/2024 5:15:23 PM","ericagarcia@vintagedesigninc.com","Erica Garcia","billing@technijian.com","","Automatic reply: VTD : Weekly Invoice 9243 for your review","False","0","","2024-03-16_1715_billing_Automatic reply_ VTD _ Weekly Invoice 9243 for your review.eml"
"from:vintagedesigninc.com","3/16/2024 5:15:24 PM","postmaster@vintagedesigninc.com","postmaster@vintagedesigninc.com","ericagarcia@vintagedesigninc.com","","Delivered: VTD : Weekly Invoice 9243 for your review","False","0","","2024-03-16_1715_billing_Delivered_ VTD _ Weekly Invoice 9243 for your review.eml"
"from:vintagedesigninc.com","3/23/2024 5:15:14 PM","ericagarcia@vintagedesigninc.com","Erica Garcia","billing@technijian.com","","Automatic reply: VTD : Weekly Invoice 9302 for your review","False","0","","2024-03-23_1715_billing_Automatic reply_ VTD _ Weekly Invoice 9302 for your review.eml"
"from:vintagedesigninc.com","3/23/2024 5:15:15 PM","postmaster@vintagedesigninc.com","postmaster@vintagedesigninc.com","ericagarcia@vintagedesigninc.com","","Delivered: VTD : Weekly Invoice 9302 for your review","False","0","","2024-03-23_1715_billing_Delivered_ VTD _ Weekly Invoice 9302 for your review.eml"
"from:vintagedesigninc.com","3/28/2024 5:37:00 PM","postmaster@vintagedesigninc.com","postmaster@vintagedesigninc.com","ericagarcia@vintagedesigninc.com","","Delivered: VTD : Invoice 9329 for your review","False","0","","2024-03-28_1737_billing_Delivered_ VTD _ Invoice 9329 for your review.eml"
"from:vintagedesigninc.com","3/30/2024 5:15:16 PM","postmaster@vintagedesigninc.com","postmaster@vintagedesigninc.com","ericagarcia@vintagedesigninc.com","","Delivered: VTD : Weekly Invoice 9378 for your review","False","0","","2024-03-30_1715_billing_Delivered_ VTD _ Weekly Invoice 9378 for your review.eml"
"from:vintagedesigninc.com","4/2/2024 11:04:34 PM","postmaster@vintagedesigninc.com","postmaster@vintagedesigninc.com","ericagarcia@vintagedesigninc.com","","Delivered: VTD : Monthly Invoice 9455 for your review","False","0","","2024-04-02_2304_billing_Delivered_ VTD _ Monthly Invoice 9455 for your review.eml"
"from:vintagedesigninc.com","4/2/2024 11:04:41 PM","postmaster@vintagedesigninc.com","postmaster@vintagedesigninc.com","ericagarcia@vintagedesigninc.com","","Delivered: VTD : Monthly Invoice 9455 for your review","False","0","","2024-04-02_2304_billing_Delivered_ VTD _ Monthly Invoice 9455 for your review.eml"
"from:vintagedesigninc.com","4/2/2024 11:28:06 PM","postmaster@vintagedesigninc.com","postmaster@vintagedesigninc.com","ericagarcia@vintagedesigninc.com","","Delivered: VTD : Monthly Invoice 9455 for your review","False","0","","2024-04-02_2328_billing_Delivered_ VTD _ Monthly Invoice 9455 for your review.eml"
"from:vintagedesigninc.com","4/6/2024 5:16:20 PM","postmaster@vintagedesigninc.com","postmaster@vintagedesigninc.com","ericagarcia@vintagedesigninc.com","","Delivered: VTD : Weekly Invoice 9504 for your review","False","0","","2024-04-06_1716_billing_Delivered_ VTD _ Weekly Invoice 9504 for your review.eml"
"from:vintagedesigninc.com","4/13/2024 5:16:51 PM","postmaster@vintagedesigninc.com","postmaster@vintagedesigninc.com","ericagarcia@vintagedesigninc.com","","Delivered: VTD : Weekly Invoice 9575 for your review","False","0","","2024-04-13_1716_billing_Delivered_ VTD _ Weekly Invoice 9575 for your review.eml"
"from:vintagedesigninc.com","4/22/2024 6:06:39 PM","postmaster@vintagedesigninc.com","postmaster@vintagedesigninc.com","ericagarcia@vintagedesigninc.com","","Delivered: VTD : Weekly Invoice 9674 for your review","False","0","","2024-04-22_1806_billing_Delivered_ VTD _ Weekly Invoice 9674 for your review.eml"
"from:vintagedesigninc.com","4/22/2024 10:06:01 PM","postmaster@vintagedesigninc.com","postmaster@vintagedesigninc.com","ericagarcia@vintagedesigninc.com","","Delivered: VTD : Weekly Out of Contract Invoice 9682 for your review","False","0","","2024-04-22_2206_billing_Delivered_ VTD _ Weekly Out of Contract Invoice 9682 for your review.eml"
"from:vintagedesigninc.com","4/27/2024 5:17:37 PM","postmaster@vintagedesigninc.com","postmaster@vintagedesigninc.com","ericagarcia@vintagedesigninc.com","","Delivered: VTD : Weekly Invoice 9734 for your review","False","0","","2024-04-27_1717_billing_Delivered_ VTD _ Weekly Invoice 9734 for your review.eml"
"from:vintagedesigninc.com","5/1/2024 3:56:16 PM","postmaster@vintagedesigninc.com","postmaster@vintagedesigninc.com","ericagarcia@vintagedesigninc.com","","Delivered: VTD : Weekly Out of Contract Invoice 9755 for your review","False","0","","2024-05-01_1556_billing_Delivered_ VTD _ Weekly Out of Contract Invoice 9755 for your review.eml"
"from:vintagedesigninc.com","5/1/2024 10:42:31 PM","postmaster@vintagedesigninc.com","postmaster@vintagedesigninc.com","ericagarcia@vintagedesigninc.com","","Delivered: VTD : Monthly Invoice 9823 for your review","False","0","","2024-05-01_2242_billing_Delivered_ VTD _ Monthly Invoice 9823 for your review.eml"
"from:vintagedesigninc.com","5/4/2024 5:18:59 PM","postmaster@vintagedesigninc.com","postmaster@vintagedesigninc.com","ericagarcia@vintagedesigninc.com","","Delivered: VTD : Weekly Invoice 9863 for your review","False","0","","2024-05-04_1718_billing_Delivered_ VTD _ Weekly Invoice 9863 for your review.eml"
"from:vintagedesigninc.com","5/9/2024 3:46:59 PM","postmaster@vintagedesigninc.com","postmaster@vintagedesigninc.com","ericagarcia@vintagedesigninc.com","","Delivered: VTD : Weekly Out of Contract Invoice 9890 for your review","False","0","","2024-05-09_1546_billing_Delivered_ VTD _ Weekly Out of Contract Invoice 9890 for your review.eml"
"from:vintagedesigninc.com","5/11/2024 5:23:27 PM","postmaster@vintagedesigninc.com","postmaster@vintagedesigninc.com","ericagarcia@vintagedesigninc.com","","Delivered: VTD : Weekly Invoice 9930 for your review","False","0","","2024-05-11_1723_billing_Delivered_ VTD _ Weekly Invoice 9930 for your review.eml"
"from:vintagedesigninc.com","5/18/2024 5:21:31 PM","postmaster@vintagedesigninc.com","postmaster@vintagedesigninc.com","ericagarcia@vintagedesigninc.com","","Delivered: VTD : Weekly Invoice 9988 for your review","False","0","","2024-05-18_1721_billing_Delivered_ VTD _ Weekly Invoice 9988 for your review.eml"
"from:vintagedesigninc.com","5/29/2024 7:59:13 PM","postmaster@vintagedesigninc.com","postmaster@vintagedesigninc.com","ericagarcia@vintagedesigninc.com","","Delivered: VTD : Weekly Invoice 10049 for your review","False","0","","2024-05-29_1959_billing_Delivered_ VTD _ Weekly Invoice 10049 for your review.eml"
"from:vintagedesigninc.com","6/1/2024 5:19:38 PM","postmaster@vintagedesigninc.com","postmaster@vintagedesigninc.com","ericagarcia@vintagedesigninc.com","","Delivered: VTD : Weekly Invoice 10089 for your review","False","0","","2024-06-01_1719_billing_Delivered_ VTD _ Weekly Invoice 10089 for your review.eml"
"from:vintagedesigninc.com","6/3/2024 4:49:50 PM","postmaster@vintagedesigninc.com","postmaster@vintagedesigninc.com","ericagarcia@vintagedesigninc.com","","Delivered: VTD : Monthly Invoice 10152 for your review","False","0","","2024-06-03_1649_billing_Delivered_ VTD _ Monthly Invoice 10152 for your review.eml"
"from:vintagedesigninc.com","6/8/2024 5:17:06 PM","postmaster@vintagedesigninc.com","postmaster@vintagedesigninc.com","ericagarcia@vintagedesigninc.com","","Delivered: VTD : Weekly Invoice 10201 for your review","False","0","","2024-06-08_1717_billing_Delivered_ VTD _ Weekly Invoice 10201 for your review.eml"
"from:vintagedesigninc.com","6/10/2024 9:06:51 PM","postmaster@vintagedesigninc.com","postmaster@vintagedesigninc.com","ericagarcia@vintagedesigninc.com","","Delivered: VTD : Invoice 10211 for your review","False","0","","2024-06-10_2106_billing_Delivered_ VTD _ Invoice 10211 for your review.eml"
"from:vintagedesigninc.com","6/10/2024 9:07:20 PM","postmaster@vintagedesigninc.com","postmaster@vintagedesigninc.com","ericagarcia@vintagedesigninc.com","","Delivered: VTD : Weekly Out of Contract Invoice 10223 for your review","False","0","","2024-06-10_2107_billing_Delivered_ VTD _ Weekly Out of Contract Invoice 10223 for your review.eml"
"from:vintagedesigninc.com","6/17/2024 5:05:50 PM","postmaster@vintagedesigninc.com","postmaster@vintagedesigninc.com","ericagarcia@vintagedesigninc.com","","Delivered: VTD : Weekly Invoice 10257 for your review","False","0","","2024-06-17_1705_billing_Delivered_ VTD _ Weekly Invoice 10257 for your review.eml"
"from:vintagedesigninc.com","6/29/2024 5:16:33 PM","ericagarcia@vintagedesigninc.com","Erica Garcia","billing@technijian.com","","Automatic reply: VTD : Weekly Invoice 10367 for your review","False","0","","2024-06-29_1716_billing_Automatic reply_ VTD _ Weekly Invoice 10367 for your review.eml"
"from:vintagedesigninc.com","6/29/2024 5:16:41 PM","postmaster@vintagedesigninc.com","postmaster@vintagedesigninc.com","ericagarcia@vintagedesigninc.com","","Delivered: VTD : Weekly Invoice 10367 for your review","False","0","","2024-06-29_1716_billing_Delivered_ VTD _ Weekly Invoice 10367 for your review.eml"
"from:vintagedesigninc.com","7/3/2024 7:34:03 PM","postmaster@vintagedesigninc.com","postmaster@vintagedesigninc.com","ericagarcia@vintagedesigninc.com","","Delivered: VTD : Monthly Invoice 10410 for your review","False","0","","2024-07-03_1934_billing_Delivered_ VTD _ Monthly Invoice 10410 for your review.eml"
"from:vintagedesigninc.com","7/3/2024 7:37:17 PM","postmaster@vintagedesigninc.com","postmaster@vintagedesigninc.com","ericagarcia@vintagedesigninc.com","","Delivered: VTD : Invoice 10430 for your review","False","0","","2024-07-03_1937_billing_Delivered_ VTD _ Invoice 10430 for your review.eml"
"from:vintagedesigninc.com","7/6/2024 5:18:53 PM","postmaster@vintagedesigninc.com","postmaster@vintagedesigninc.com","ericagarcia@vintagedesigninc.com","","Delivered: VTD : Weekly Invoice 10488 for your review","False","0","","2024-07-06_1718_billing_Delivered_ VTD _ Weekly Invoice 10488 for your review.eml"
"from:vintagedesigninc.com","7/8/2024 5:46:49 PM","postmaster@vintagedesigninc.com","postmaster@vintagedesigninc.com","ericagarcia@vintagedesigninc.com","","Delivered: VTD : Weekly Out of Contract Invoice 10503 for your review","False","0","","2024-07-08_1746_billing_Delivered_ VTD _ Weekly Out of Contract Invoice 10503 for your review.eml"
"from:vintagedesigninc.com","7/13/2024 5:17:05 PM","postmaster@vintagedesigninc.com","postmaster@vintagedesigninc.com","ericagarcia@vintagedesigninc.com","","Delivered: VTD : Weekly Invoice 10534 for your review","False","0","","2024-07-13_1717_billing_Delivered_ VTD _ Weekly Invoice 10534 for your review.eml"
"from:vintagedesigninc.com","7/13/2024 5:17:08 PM","ericagarcia@vintagedesigninc.com","Erica Garcia","billing@technijian.com","","Automatic reply: VTD : Weekly Invoice 10534 for your review","False","0","","2024-07-13_1717_billing_Automatic reply_ VTD _ Weekly Invoice 10534 for your review.eml"
"from:vintagedesigninc.com","7/15/2024 4:50:57 PM","postmaster@vintagedesigninc.com","postmaster@vintagedesigninc.com","ericagarcia@vintagedesigninc.com","","Delivered: VTD : Invoice 10541 for your review","False","0","","2024-07-15_1650_billing_Delivered_ VTD _ Invoice 10541 for your review.eml"
"from:vintagedesigninc.com","7/20/2024 5:20:52 PM","postmaster@vintagedesigninc.com","postmaster@vintagedesigninc.com","ericagarcia@vintagedesigninc.com","","Delivered: VTD : Weekly Invoice 10575 for your review","False","0","","2024-07-20_1720_billing_Delivered_ VTD _ Weekly Invoice 10575 for your review.eml"
"from:vintagedesigninc.com","7/27/2024 5:16:27 PM","postmaster@vintagedesigninc.com","postmaster@vintagedesigninc.com","ericagarcia@vintagedesigninc.com","","Delivered: VTD : Weekly Invoice 10617 for your review","False","0","","2024-07-27_1716_billing_Delivered_ VTD _ Weekly Invoice 10617 for your review.eml"
"from:vintagedesigninc.com","8/2/2024 6:03:40 PM","postmaster@vintagedesigninc.com","postmaster@vintagedesigninc.com","ericagarcia@vintagedesigninc.com","","Delivered: VTD : Monthly Invoice 10654 for your review","False","0","","2024-08-02_1803_billing_Delivered_ VTD _ Monthly Invoice 10654 for your review.eml"
"from:vintagedesigninc.com","8/2/2024 6:06:19 PM","postmaster@vintagedesigninc.com","postmaster@vintagedesigninc.com","ericagarcia@vintagedesigninc.com","","Delivered: VTD : Invoice 10687 for your review","False","0","","2024-08-02_1806_billing_Delivered_ VTD _ Invoice 10687 for your review.eml"
"from:vintagedesigninc.com","8/3/2024 5:16:23 PM","postmaster@vintagedesigninc.com","postmaster@vintagedesigninc.com","ericagarcia@vintagedesigninc.com","","Delivered: VTD : Weekly Invoice 10713 for your review","False","0","","2024-08-03_1716_billing_Delivered_ VTD _ Weekly Invoice 10713 for your review.eml"
"from:vintagedesigninc.com","8/5/2024 8:04:38 AM","postmaster@vintagedesigninc.com","postmaster@vintagedesigninc.com","ericagarcia@vintagedesigninc.com","","Delivered: Overdue Invoices","False","0","","2024-08-05_0804_billing_Delivered_ Overdue Invoices.eml"
"from:vintagedesigninc.com","8/10/2024 5:17:52 PM","postmaster@vintagedesigninc.com","postmaster@vintagedesigninc.com","ericagarcia@vintagedesigninc.com","","Delivered: VTD : Weekly Invoice 10768 for your review","False","0","","2024-08-10_1717_billing_Delivered_ VTD _ Weekly Invoice 10768 for your review.eml"
"from:vintagedesigninc.com","8/17/2024 5:17:14 PM","postmaster@vintagedesigninc.com","postmaster@vintagedesigninc.com","ericagarcia@vintagedesigninc.com","","Delivered: VTD : Weekly Invoice 10808 for your review","False","0","","2024-08-17_1717_billing_Delivered_ VTD _ Weekly Invoice 10808 for your review.eml"
"from:vintagedesigninc.com","8/24/2024 5:17:55 PM","postmaster@vintagedesigninc.com","postmaster@vintagedesigninc.com","ericagarcia@vintagedesigninc.com","","Delivered: VTD : Weekly Invoice 10850 for your review","False","0","","2024-08-24_1717_billing_Delivered_ VTD _ Weekly Invoice 10850 for your review.eml"
"from:vintagedesigninc.com","8/31/2024 5:19:40 PM","ericagarcia@vintagedesigninc.com","Erica Garcia","billing@technijian.com","","Automatic reply: VTD : Weekly Invoice 10893 for your review","False","0","","2024-08-31_1719_billing_Automatic reply_ VTD _ Weekly Invoice 10893 for your review.eml"
"from:vintagedesigninc.com","8/31/2024 5:19:43 PM","postmaster@vintagedesigninc.com","postmaster@vintagedesigninc.com","ericagarcia@vintagedesigninc.com","","Delivered: VTD : Weekly Invoice 10893 for your review","False","0","","2024-08-31_1719_billing_Delivered_ VTD _ Weekly Invoice 10893 for your review.eml"
"from:vintagedesigninc.com","9/4/2024 5:53:21 PM","postmaster@vintagedesigninc.com","postmaster@vintagedesigninc.com","ericagarcia@vintagedesigninc.com","","Delivered: VTD : Invoice 10935 for your review","False","0","","2024-09-04_1753_billing_Delivered_ VTD _ Invoice 10935 for your review.eml"
"from:vintagedesigninc.com","9/4/2024 6:24:37 PM","postmaster@vintagedesigninc.com","postmaster@vintagedesigninc.com","ericagarcia@vintagedesigninc.com","","Delivered: VTD : Monthly Invoice 10960 for your review","False","0","","2024-09-04_1824_billing_Delivered_ VTD _ Monthly Invoice 10960 for your review.eml"
"from:vintagedesigninc.com","9/7/2024 5:16:07 PM","postmaster@vintagedesigninc.com","postmaster@vintagedesigninc.com","ericagarcia@vintagedesigninc.com","","Delivered: VTD : Weekly Invoice 10996 for your review","False","0","","2024-09-07_1716_billing_Delivered_ VTD _ Weekly Invoice 10996 for your review.eml"
"from:vintagedesigninc.com","9/14/2024 5:15:58 PM","postmaster@vintagedesigninc.com","postmaster@vintagedesigninc.com","ericagarcia@vintagedesigninc.com","","Delivered: VTD : Weekly Invoice 11039 for your review","False","0","","2024-09-14_1715_billing_Delivered_ VTD _ Weekly Invoice 11039 for your review.eml"
"from:vintagedesigninc.com","9/23/2024 7:26:23 AM","postmaster@vintagedesigninc.com","postmaster@vintagedesigninc.com","ericagarcia@vintagedesigninc.com","","Delivered: VTD : Weekly Invoice 11075 for your review","False","0","","2024-09-23_0726_billing_Delivered_ VTD _ Weekly Invoice 11075 for your review.eml"
"from:vintagedesigninc.com","9/23/2024 7:26:23 AM","ericagarcia@vintagedesigninc.com","Erica Garcia","billing@technijian.com","","Automatic reply: VTD : Weekly Invoice 11075 for your review","False","0","","2024-09-23_0726_billing_Automatic reply_ VTD _ Weekly Invoice 11075 for your review.eml"
"from:vintagedesigninc.com","9/28/2024 5:18:02 PM","postmaster@vintagedesigninc.com","postmaster@vintagedesigninc.com","ericagarcia@vintagedesigninc.com","","Delivered: VTD : Weekly Invoice 11114 for your review","False","0","","2024-09-28_1718_billing_Delivered_ VTD _ Weekly Invoice 11114 for your review.eml"
"from:vintagedesigninc.com","10/3/2024 8:39:37 PM","postmaster@vintagedesigninc.com","postmaster@vintagedesigninc.com","ericagarcia@vintagedesigninc.com","","Delivered: VTD : Monthly Invoice 11155 for your review","False","0","","2024-10-03_2039_billing_Delivered_ VTD _ Monthly Invoice 11155 for your review.eml"
"from:vintagedesigninc.com","10/3/2024 9:20:13 PM","postmaster@vintagedesigninc.com","postmaster@vintagedesigninc.com","ericagarcia@vintagedesigninc.com","","Delivered: VTD : Invoice 11191 for your review","False","0","","2024-10-03_2120_billing_Delivered_ VTD _ Invoice 11191 for your review.eml"
"from:vintagedesigninc.com","10/5/2024 5:17:04 PM","postmaster@vintagedesigninc.com","postmaster@vintagedesigninc.com","ericagarcia@vintagedesigninc.com","","Delivered: VTD : Weekly Invoice 11216 for your review","False","0","","2024-10-05_1717_billing_Delivered_ VTD _ Weekly Invoice 11216 for your review.eml"
"from:vintagedesigninc.com","10/12/2024 5:17:35 PM","postmaster@vintagedesigninc.com","postmaster@vintagedesigninc.com","ericagarcia@vintagedesigninc.com","","Delivered: VTD : Weekly Invoice 11250 for your review","False","0","","2024-10-12_1717_billing_Delivered_ VTD _ Weekly Invoice 11250 for your review.eml"
"from:vintagedesigninc.com","10/28/2024 9:47:29 PM","postmaster@vintagedesigninc.com","postmaster@vintagedesigninc.com","ericagarcia@vintagedesigninc.com","","Delivered: VTD : Weekly Invoice 11309 for your review","False","0","","2024-10-28_2147_billing_Delivered_ VTD _ Weekly Invoice 11309 for your review.eml"
"from:vintagedesigninc.com","11/2/2024 5:16:52 PM","postmaster@vintagedesigninc.com","postmaster@vintagedesigninc.com","ericagarcia@vintagedesigninc.com","","Delivered: VTD : Weekly Invoice 11349 for your review","False","0","","2024-11-02_1716_billing_Delivered_ VTD _ Weekly Invoice 11349 for your review.eml"
"from:vintagedesigninc.com","11/4/2024 9:09:55 AM","postmaster@vintagedesigninc.com","postmaster@vintagedesigninc.com","ericagarcia@vintagedesigninc.com","","Delivered: Overdue Invoices","False","0","","2024-11-04_0909_billing_Delivered_ Overdue Invoices.eml"
"from:vintagedesigninc.com","11/4/2024 11:52:00 PM","postmaster@vintagedesigninc.com","postmaster@vintagedesigninc.com","ericagarcia@vintagedesigninc.com","","Delivered: VTD : Invoice 11380 for your review","False","0","","2024-11-04_2352_billing_Delivered_ VTD _ Invoice 11380 for your review.eml"
"from:vintagedesigninc.com","11/5/2024 12:02:54 AM","postmaster@vintagedesigninc.com","postmaster@vintagedesigninc.com","ericagarcia@vintagedesigninc.com","","Delivered: VTD : Monthly Invoice 11400 for your review","False","0","","2024-11-05_0002_billing_Delivered_ VTD _ Monthly Invoice 11400 for your review.eml"
"from:vintagedesigninc.com","11/9/2024 6:18:41 PM","postmaster@vintagedesigninc.com","postmaster@vintagedesigninc.com","ericagarcia@vintagedesigninc.com","","Delivered: VTD : Weekly Invoice 11439 for your review","False","0","","2024-11-09_1818_billing_Delivered_ VTD _ Weekly Invoice 11439 for your review.eml"
"from:vintagedesigninc.com","11/11/2024 9:08:12 AM","postmaster@vintagedesigninc.com","postmaster@vintagedesigninc.com","ericagarcia@vintagedesigninc.com","","Delivered: Overdue Invoices","False","0","","2024-11-11_0908_billing_Delivered_ Overdue Invoices.eml"
"from:vintagedesigninc.com","11/18/2024 2:15:02 PM","postmaster@vintagedesigninc.com","postmaster@vintagedesigninc.com","ericagarcia@vintagedesigninc.com","","Delivered: VTD : Weekly Invoice 11475 for your review","False","0","","2024-11-18_1415_billing_Delivered_ VTD _ Weekly Invoice 11475 for your review.eml"
"from:vintagedesigninc.com","11/23/2024 6:16:40 PM","ericagarcia@vintagedesigninc.com","Erica Garcia","billing@technijian.com","","Automatic reply: VTD : Weekly Invoice 11512 for your review","False","0","","2024-11-23_1816_billing_Automatic reply_ VTD _ Weekly Invoice 11512 for your review.eml"
"from:vintagedesigninc.com","11/23/2024 6:16:42 PM","postmaster@vintagedesigninc.com","postmaster@vintagedesigninc.com","ericagarcia@vintagedesigninc.com","","Delivered: VTD : Weekly Invoice 11512 for your review","False","0","","2024-11-23_1816_billing_Delivered_ VTD _ Weekly Invoice 11512 for your review.eml"
"from:vintagedesigninc.com","11/30/2024 6:15:53 PM","postmaster@vintagedesigninc.com","postmaster@vintagedesigninc.com","ericagarcia@vintagedesigninc.com","","Delivered: VTD : Weekly Invoice 11541 for your review","False","0","","2024-11-30_1815_billing_Delivered_ VTD _ Weekly Invoice 11541 for your review.eml"
"from:vintagedesigninc.com","12/3/2024 7:17:20 PM","postmaster@vintagedesigninc.com","postmaster@vintagedesigninc.com","ericagarcia@vintagedesigninc.com","","Delivered: VTD : Monthly Invoice 11577 for your review","False","0","","2024-12-03_1917_billing_Delivered_ VTD _ Monthly Invoice 11577 for your review.eml"
"from:vintagedesigninc.com","12/3/2024 7:26:45 PM","postmaster@vintagedesigninc.com","postmaster@vintagedesigninc.com","ericagarcia@vintagedesigninc.com","","Delivered: VTD : Invoice 11612 for your review","False","0","","2024-12-03_1926_billing_Delivered_ VTD _ Invoice 11612 for your review.eml"
"from:vintagedesigninc.com","12/7/2024 6:17:46 PM","postmaster@vintagedesigninc.com","postmaster@vintagedesigninc.com","ericagarcia@vintagedesigninc.com","","Delivered: VTD : Weekly Invoice 11632 for your review","False","0","","2024-12-07_1817_billing_Delivered_ VTD _ Weekly Invoice 11632 for your review.eml"
"from:vintagedesigninc.com","12/20/2024 7:55:57 PM","postmaster@vintagedesigninc.com","postmaster@vintagedesigninc.com","ericagarcia@vintagedesigninc.com","","Delivered: VTD : Weekly Invoice 11673 for your review","False","0","","2024-12-20_1955_billing_Delivered_ VTD _ Weekly Invoice 11673 for your review.eml"
"from:vintagedesigninc.com","12/23/2024 3:33:06 PM","postmaster@vintagedesigninc.com","postmaster@vintagedesigninc.com","ericagarcia@vintagedesigninc.com","","Delivered: VTD : Weekly Invoice 11706 for your review","False","0","","2024-12-23_1533_billing_Delivered_ VTD _ Weekly Invoice 11706 for your review.eml"
"from:vintagedesigninc.com","12/28/2024 6:18:26 PM","postmaster@vintagedesigninc.com","postmaster@vintagedesigninc.com","ericagarcia@vintagedesigninc.com","","Delivered: VTD : Weekly Invoice 11764 for your review","False","0","","2024-12-28_1818_billing_Delivered_ VTD _ Weekly Invoice 11764 for your review.eml"
"from:vintagedesigninc.com","1/2/2025 8:37:00 PM","postmaster@vintagedesigninc.com","postmaster@vintagedesigninc.com","ericagarcia@vintagedesigninc.com","","Delivered: VTD : Invoice 11802 for your review","False","0","","2025-01-02_2037_billing_Delivered_ VTD _ Invoice 11802 for your review.eml"
"from:vintagedesigninc.com","1/2/2025 9:23:30 PM","postmaster@vintagedesigninc.com","postmaster@vintagedesigninc.com","ericagarcia@vintagedesigninc.com","","Delivered: VTD : Monthly Invoice 11827 for your review","False","0","","2025-01-02_2123_billing_Delivered_ VTD _ Monthly Invoice 11827 for your review.eml"
"from:vintagedesigninc.com","1/4/2025 6:18:12 PM","postmaster@vintagedesigninc.com","postmaster@vintagedesigninc.com","ericagarcia@vintagedesigninc.com","","Delivered: VTD : Weekly Invoice 11859 for your review","False","0","","2025-01-04_1818_billing_Delivered_ VTD _ Weekly Invoice 11859 for your review.eml"
"from:vintagedesigninc.com","1/11/2025 6:21:08 PM","postmaster@vintagedesigninc.com","postmaster@vintagedesigninc.com","ericagarcia@vintagedesigninc.com","","Delivered: VTD : Weekly Invoice 11896 for your review","False","0","","2025-01-11_1821_billing_Delivered_ VTD _ Weekly Invoice 11896 for your review.eml"
"from:vintagedesigninc.com","1/18/2025 6:22:23 PM","postmaster@vintagedesigninc.com","postmaster@vintagedesigninc.com","ericagarcia@vintagedesigninc.com","","Delivered: VTD : Weekly Invoice 11945 for your review","False","0","","2025-01-18_1822_billing_Delivered_ VTD _ Weekly Invoice 11945 for your review.eml"
"from:vintagedesigninc.com","1/25/2025 6:22:13 PM","postmaster@vintagedesigninc.com","postmaster@vintagedesigninc.com","ericagarcia@vintagedesigninc.com","","Delivered: VTD : Weekly Invoice 11984 for your review","False","0","","2025-01-25_1822_billing_Delivered_ VTD _ Weekly Invoice 11984 for your review.eml"
"from:vintagedesigninc.com","2/1/2025 6:19:29 PM","postmaster@vintagedesigninc.com","postmaster@vintagedesigninc.com","ericagarcia@vintagedesigninc.com","","Delivered: VTD : Weekly Invoice 12020 for your review","False","0","","2025-02-01_1819_billing_Delivered_ VTD _ Weekly Invoice 12020 for your review.eml"
"from:vintagedesigninc.com","2/3/2025 7:06:03 PM","postmaster@vintagedesigninc.com","postmaster@vintagedesigninc.com","ericagarcia@vintagedesigninc.com","","Delivered: VTD : Invoice 12056 for your review","False","0","","2025-02-03_1906_billing_Delivered_ VTD _ Invoice 12056 for your review.eml"
"from:vintagedesigninc.com","2/3/2025 7:58:21 PM","postmaster@vintagedesigninc.com","postmaster@vintagedesigninc.com","ericagarcia@vintagedesigninc.com","","Delivered: VTD : Monthly Invoice 12080 for your review","False","0","","2025-02-03_1958_billing_Delivered_ VTD _ Monthly Invoice 12080 for your review.eml"
"from:vintagedesigninc.com","2/8/2025 6:18:03 PM","postmaster@vintagedesigninc.com","postmaster@vintagedesigninc.com","ericagarcia@vintagedesigninc.com","","Delivered: VTD : Weekly Invoice 12117 for your review","False","0","","2025-02-08_1818_billing_Delivered_ VTD _ Weekly Invoice 12117 for your review.eml"
"from:vintagedesigninc.com","2/10/2025 7:25:13 AM","postmaster@vintagedesigninc.com","postmaster@vintagedesigninc.com","ericagarcia@vintagedesigninc.com","","Delivered: VTD : Weekly Out of Contract Invoice 12133 for your review","False","0","","2025-02-10_0725_billing_Delivered_ VTD _ Weekly Out of Contract Invoice 12133 for your review.eml"
"from:vintagedesigninc.com","2/17/2025 11:29:44 AM","postmaster@vintagedesigninc.com","postmaster@vintagedesigninc.com","ericagarcia@vintagedesigninc.com","","Delivered: VTD : Weekly Invoice 12159 for your review","False","0","","2025-02-17_1129_billing_Delivered_ VTD _ Weekly Invoice 12159 for your review.eml"
"from:vintagedesigninc.com","2/17/2025 11:29:46 AM","ericagarcia@vintagedesigninc.com","Erica Garcia","billing@technijian.com","","Automatic reply: VTD : Weekly Invoice 12159 for your review","False","0","","2025-02-17_1129_billing_Automatic reply_ VTD _ Weekly Invoice 12159 for your review.eml"
"from:vintagedesigninc.com","2/24/2025 8:13:32 AM","postmaster@vintagedesigninc.com","postmaster@vintagedesigninc.com","ericagarcia@vintagedesigninc.com","","Delivered: VTD : Weekly Invoice 11797 for your review","False","0","","2025-02-24_0813_billing_Delivered_ VTD _ Weekly Invoice 11797 for your review.eml"
"from:vintagedesigninc.com","3/1/2025 6:07:48 PM","postmaster@vintagedesigninc.com","postmaster@vintagedesigninc.com","ericagarcia@vintagedesigninc.com","","Delivered: VTD : Weekly Invoice 11725050 for your review","False","0","","2025-03-01_1807_billing_Delivered_ VTD _ Weekly Invoice 11725050 for your review.eml"
"from:vintagedesigninc.com","3/3/2025 10:32:04 PM","postmaster@vintagedesigninc.com","postmaster@vintagedesigninc.com","ericagarcia@vintagedesigninc.com","","Delivered: VTD : Monthly Invoice 11725084 for your review","False","0","","2025-03-03_2232_billing_Delivered_ VTD _ Monthly Invoice 11725084 for your review.eml"
"from:vintagedesigninc.com","3/3/2025 10:36:25 PM","postmaster@vintagedesigninc.com","postmaster@vintagedesigninc.com","ericagarcia@vintagedesigninc.com","","Delivered: VTD : Invoice 11725118 for your review","False","0","","2025-03-03_2236_billing_Delivered_ VTD _ Invoice 11725118 for your review.eml"
"from:vintagedesigninc.com","3/8/2025 6:07:14 PM","postmaster@vintagedesigninc.com","postmaster@vintagedesigninc.com","ericagarcia@vintagedesigninc.com","","Delivered: VTD : Weekly Invoice 25047 for your review","False","0","","2025-03-08_1807_billing_Delivered_ VTD _ Weekly Invoice 25047 for your review.eml"
"from:vintagedesigninc.com","3/17/2025 7:08:14 AM","postmaster@vintagedesigninc.com","postmaster@vintagedesigninc.com","ericagarcia@vintagedesigninc.com","","Delivered: VTD : Weekly Invoice 25081 for your review","False","0","","2025-03-17_0708_billing_Delivered_ VTD _ Weekly Invoice 25081 for your review.eml"
"from:vintagedesigninc.com","3/17/2025 7:13:52 AM","postmaster@vintagedesigninc.com","postmaster@vintagedesigninc.com","ericagarcia@vintagedesigninc.com","","Delivered: VTD : Weekly Out of Contract Invoice 25095 for your review","False","0","","2025-03-17_0713_billing_Delivered_ VTD _ Weekly Out of Contract Invoice 25095 for your review.eml"
"from:vintagedesigninc.com","3/22/2025 5:08:27 PM","postmaster@vintagedesigninc.com","postmaster@vintagedesigninc.com","ericagarcia@vintagedesigninc.com","","Delivered: VTD : Weekly Invoice 25127 for your review","False","0","","2025-03-22_1708_billing_Delivered_ VTD _ Weekly Invoice 25127 for your review.eml"
"from:vintagedesigninc.com","3/29/2025 5:07:04 PM","postmaster@vintagedesigninc.com","postmaster@vintagedesigninc.com","ericagarcia@vintagedesigninc.com","","Delivered: VTD : Weekly Invoice 25163 for your review","False","0","","2025-03-29_1707_billing_Delivered_ VTD _ Weekly Invoice 25163 for your review.eml"
"from:vintagedesigninc.com","3/31/2025 7:21:10 AM","postmaster@vintagedesigninc.com","postmaster@vintagedesigninc.com","ericagarcia@vintagedesigninc.com","","Delivered: VTD : Weekly Out of Contract Invoice 25176 for your review","False","0","","2025-03-31_0721_billing_Delivered_ VTD _ Weekly Out of Contract Invoice 25176 for your review.eml"
"from:vintagedesigninc.com","4/2/2025 6:47:24 PM","postmaster@vintagedesigninc.com","postmaster@vintagedesigninc.com","ericagarcia@vintagedesigninc.com","","Delivered: VTD : Invoice 25204 for your review","False","0","","2025-04-02_1847_billing_Delivered_ VTD _ Invoice 25204 for your review.eml"
"from:vintagedesigninc.com","4/2/2025 7:17:15 PM","postmaster@vintagedesigninc.com","postmaster@vintagedesigninc.com","ericagarcia@vintagedesigninc.com","","Delivered: VTD : Monthly Invoice 25231 for your review","False","0","","2025-04-02_1917_billing_Delivered_ VTD _ Monthly Invoice 25231 for your review.eml"
"from:vintagedesigninc.com","4/7/2025 8:53:25 AM","postmaster@vintagedesigninc.com","postmaster@vintagedesigninc.com","ericagarcia@vintagedesigninc.com","","Delivered: VTD : Weekly Out of Contract Invoice 25279 for your review","False","0","","2025-04-07_0853_billing_Delivered_ VTD _ Weekly Out of Contract Invoice 25279 for your review.eml"
"from:vintagedesigninc.com","4/21/2025 9:34:32 AM","postmaster@vintagedesigninc.com","postmaster@vintagedesigninc.com","ericagarcia@vintagedesigninc.com","","Delivered: VTD : Weekly Invoice 25358 for your review","False","0","","2025-04-21_0934_billing_Delivered_ VTD _ Weekly Invoice 25358 for your review.eml"
"from:vintagedesigninc.com","4/21/2025 9:39:48 AM","postmaster@vintagedesigninc.com","postmaster@vintagedesigninc.com","ericagarcia@vintagedesigninc.com","","Delivered: VTD : Weekly Out of Contract Invoice 25370 for your review","False","0","","2025-04-21_0939_billing_Delivered_ VTD _ Weekly Out of Contract Invoice 25370 for your review.eml"
"from:vintagedesigninc.com","5/2/2025 8:34:43 PM","postmaster@vintagedesigninc.com","postmaster@vintagedesigninc.com","ericagarcia@vintagedesigninc.com","","Delivered: VTD : Monthly Invoice 25438 for your review","False","0","","2025-05-02_2034_billing_Delivered_ VTD _ Monthly Invoice 25438 for your review.eml"
"from:vintagedesigninc.com","5/2/2025 8:52:25 PM","postmaster@vintagedesigninc.com","postmaster@vintagedesigninc.com","ericagarcia@vintagedesigninc.com","","Delivered: VTD : Invoice 25488 for your review","False","0","","2025-05-02_2052_billing_Delivered_ VTD _ Invoice 25488 for your review.eml"
"from:vintagedesigninc.com","5/5/2025 6:35:55 AM","postmaster@vintagedesigninc.com","postmaster@vintagedesigninc.com","ericagarcia@vintagedesigninc.com","","Delivered: VTD : Weekly Invoice 25508 for your review","False","0","","2025-05-05_0635_billing_Delivered_ VTD _ Weekly Invoice 25508 for your review.eml"
"from:vintagedesigninc.com","5/10/2025 5:09:40 PM","postmaster@vintagedesigninc.com","postmaster@vintagedesigninc.com","ericagarcia@vintagedesigninc.com","","Delivered: VTD : Weekly Invoice 25548 for your review","False","0","","2025-05-10_1709_billing_Delivered_ VTD _ Weekly Invoice 25548 for your review.eml"
"from:vintagedesigninc.com","5/17/2025 5:10:01 PM","postmaster@vintagedesigninc.com","postmaster@vintagedesigninc.com","ericagarcia@vintagedesigninc.com","","Delivered: VTD : Weekly Invoice 25586 for your review","False","0","","2025-05-17_1710_billing_Delivered_ VTD _ Weekly Invoice 25586 for your review.eml"
"from:vintagedesigninc.com","5/24/2025 5:10:45 PM","postmaster@vintagedesigninc.com","postmaster@vintagedesigninc.com","ericagarcia@vintagedesigninc.com","","Delivered: VTD : Weekly Invoice 25621 for your review","False","0","","2025-05-24_1710_billing_Delivered_ VTD _ Weekly Invoice 25621 for your review.eml"
"from:vintagedesigninc.com","6/2/2025 6:52:50 AM","postmaster@vintagedesigninc.com","postmaster@vintagedesigninc.com","ericagarcia@vintagedesigninc.com","","Delivered: VTD : Weekly Invoice 25662 for your review","False","0","","2025-06-02_0652_billing_Delivered_ VTD _ Weekly Invoice 25662 for your review.eml"
"from:vintagedesigninc.com","6/2/2025 6:51:12 PM","postmaster@vintagedesigninc.com","postmaster@vintagedesigninc.com","ericagarcia@vintagedesigninc.com","","Delivered: VTD : Invoice 25700 for your review","False","0","","2025-06-02_1851_billing_Delivered_ VTD _ Invoice 25700 for your review.eml"
"from:vintagedesigninc.com","6/2/2025 7:42:16 PM","postmaster@vintagedesigninc.com","postmaster@vintagedesigninc.com","ericagarcia@vintagedesigninc.com","","Delivered: VTD : Monthly Invoice 25725 for your review","False","0","","2025-06-02_1942_billing_Delivered_ VTD _ Monthly Invoice 25725 for your review.eml"
"from:vintagedesigninc.com","6/7/2025 5:09:33 PM","postmaster@vintagedesigninc.com","postmaster@vintagedesigninc.com","ericagarcia@vintagedesigninc.com","","Delivered: VTD : Weekly Invoice 25773 for your review","False","0","","2025-06-07_1709_billing_Delivered_ VTD _ Weekly Invoice 25773 for your review.eml"
"from:vintagedesigninc.com","6/14/2025 5:09:47 PM","postmaster@vintagedesigninc.com","postmaster@vintagedesigninc.com","ericagarcia@vintagedesigninc.com","","Delivered: VTD : Weekly Invoice 25812 for your review","False","0","","2025-06-14_1709_billing_Delivered_ VTD _ Weekly Invoice 25812 for your review.eml"
"from:vintagedesigninc.com","6/23/2025 1:38:49 PM","postmaster@vintagedesigninc.com","postmaster@vintagedesigninc.com","ericagarcia@vintagedesigninc.com","","Delivered: VTD : Weekly Invoice 25850 for your review","False","0","","2025-06-23_1338_billing_Delivered_ VTD _ Weekly Invoice 25850 for your review.eml"
"from:vintagedesigninc.com","6/27/2025 7:56:16 PM","postmaster@vintagedesigninc.com","postmaster@vintagedesigninc.com","ericagarcia@vintagedesigninc.com","","Delivered: VTD : Invoice 25869 for your review","False","0","","2025-06-27_1956_billing_Delivered_ VTD _ Invoice 25869 for your review.eml"
"from:vintagedesigninc.com","6/28/2025 5:12:17 PM","postmaster@vintagedesigninc.com","postmaster@vintagedesigninc.com","ericagarcia@vintagedesigninc.com","","Delivered: VTD : Weekly Invoice 25889 for your review","False","0","","2025-06-28_1712_billing_Delivered_ VTD _ Weekly Invoice 25889 for your review.eml"
"from:vintagedesigninc.com","7/2/2025 6:37:41 PM","postmaster@vintagedesigninc.com","postmaster@vintagedesigninc.com","ericagarcia@vintagedesigninc.com","","Delivered: VTD : Invoice 25927 for your review","False","0","","2025-07-02_1837_billing_Delivered_ VTD _ Invoice 25927 for your review.eml"
"from:vintagedesigninc.com","7/2/2025 6:55:18 PM","postmaster@vintagedesigninc.com","postmaster@vintagedesigninc.com","ericagarcia@vintagedesigninc.com","","Delivered: VTD : Monthly Invoice 25953 for your review","False","0","","2025-07-02_1855_billing_Delivered_ VTD _ Monthly Invoice 25953 for your review.eml"
"from:vintagedesigninc.com","7/5/2025 5:12:37 PM","postmaster@vintagedesigninc.com","postmaster@vintagedesigninc.com","ericagarcia@vintagedesigninc.com","","Delivered: VTD : Weekly Invoice 25992 for your review","False","0","","2025-07-05_1712_billing_Delivered_ VTD _ Weekly Invoice 25992 for your review.eml"
"from:vintagedesigninc.com","7/12/2025 5:13:23 PM","postmaster@vintagedesigninc.com","postmaster@vintagedesigninc.com","ericagarcia@vintagedesigninc.com","","Delivered: VTD : Weekly Invoice 26029 for your review","False","0","","2025-07-12_1713_billing_Delivered_ VTD _ Weekly Invoice 26029 for your review.eml"
"from:vintagedesigninc.com","8/1/2025 5:14:31 PM","ericagarcia@vintagedesigninc.com","Erica Garcia","billing@technijian.com","","Automatic reply: VTD : Invoice 26177 for your review","False","0","","2025-08-01_1714_billing_Automatic reply_ VTD _ Invoice 26177 for your review.eml"
